filename,width,height,class,xmin,ymin,xmax,ymax
0.jpg,1280,720,A21,728,180,795,259
1.jpg,1280,720,D9,118,224,176,295
1.jpg,1280,720,D9,1113,247,1172,320
1.jpg,1280,720,D8,117,296,177,370
1.jpg,1280,720,D8,1114,321,1171,395
10.jpg,1280,720,B33_40,1129,430,1170,472
10.jpg,1280,720,A6_D,173,359,209,394
100.jpg,1280,720,Green,378,192,410,291
100.jpg,1280,720,Green,592,59,630,141
100.jpg,1280,720,Green,839,51,878,133
101.jpg,1280,720,D8,1153,135,1225,224
102.jpg,1280,720,D3,1114,69,1260,199
103.jpg,1280,720,B23,1120,116,1259,252
104.jpg,1280,720,A20,54,139,162,237
104.jpg,1280,720,A20,1175,157,1273,250
105.jpg,1280,720,C9,65,198,212,334
105.jpg,1280,720,B21,237,271,315,347
105.jpg,1280,720,D3,859,379,885,407
106.jpg,1280,720,D7,1157,157,1272,311
107.jpg,1280,720,A32,1100,78,1272,214
108.jpg,1280,720,D40,1025,162,1176,265
109.jpg,1280,720,B16_3_7,1114,45,1266,183
11.jpg,1280,720,A12b,869,62,970,150
11.jpg,1280,720,A14,873,149,961,228
110.jpg,1280,720,B31,1153,82,1271,205
111.jpg,1280,720,A12b,1080,65,1217,181
112.jpg,1280,720,D40,927,108,1143,272
113.jpg,1280,720,D43,922,101,1114,215
114.jpg,1280,720,D3,1171,83,1273,191
114.jpg,1280,720,A7,825,217,911,295
114.jpg,1280,720,D6,785,293,829,334
115.jpg,1280,720,D52,1129,28,1277,107
115.jpg,1280,720,B43_20,1128,104,1274,261
115.jpg,1280,720,D6,633,382,667,415
115.jpg,1280,720,D4a,714,375,740,403
115.jpg,1280,720,D18,995,386,1022,420
115.jpg,1280,720,B36,1075,321,1094,370
116.jpg,1280,720,A7,822,367,851,390
116.jpg,1280,720,A7,302,359,335,384
116.jpg,1280,720,D2,303,331,334,357
116.jpg,1280,720,D2,824,340,850,365
116.jpg,1280,720,Red,635,349,643,366
117.jpg,1280,720,D1,1070,201,1144,277
117.jpg,1280,720,C9,173,255,270,350
117.jpg,1280,720,D6,343,251,396,308
117.jpg,1280,720,D6,1077,277,1134,331
118.jpg,1280,720,D6,307,241,365,301
118.jpg,1280,720,D6,1111,259,1172,318
118.jpg,1280,720,D1,1102,175,1183,256
118.jpg,1280,720,C9,92,234,206,343
119.jpg,1280,720,B5,214,19,283,83
119.jpg,1280,720,B5,1141,26,1202,90
12.jpg,1280,720,D40,1052,39,1246,173
121.jpg,1280,720,B41,947,143,1030,227
124.jpg,1280,720,D9,198,192,253,262
124.jpg,1280,720,D9,994,222,1047,293
126.jpg,1280,720,B22,968,247,1022,301
126.jpg,1280,720,D6,230,300,261,331
126.jpg,1280,720,D6,784,314,816,346
129.jpg,1280,720,B23,259,217,330,289
13.jpg,1280,720,D18,1121,17,1262,155
13.jpg,1280,720,D1,663,333,721,392
130.jpg,1280,720,A14,1035,25,1198,168
130.jpg,1280,720,B36,745,255,812,319
131.jpg,1280,720,Green,658,19,707,129
131.jpg,1280,720,Green,315,218,355,329
132.jpg,1280,720,A30,1095,28,1221,136
135.jpg,1280,720,A7,365,249,436,313
135.jpg,1280,720,A7,1147,289,1221,350
135.jpg,1280,720,C12,368,313,436,384
135.jpg,1280,720,C12,1155,354,1224,418
136.jpg,1280,720,D1,1040,1,1123,55
136.jpg,1280,720,Green,1072,56,1140,220
137.jpg,1280,720,B33_40,940,128,1027,211
137.jpg,1280,720,A30,935,7,1035,91
138.jpg,1280,720,D7,773,161,867,275
138.jpg,1280,720,D43,758,274,881,348
14.jpg,1280,720,D9,61,368,111,436
140.jpg,1280,720,B21,1174,107,1278,210
140.jpg,1280,720,D1,1173,12,1267,104
141.jpg,1280,720,D1,1016,11,1166,134
143.jpg,1280,720,D9,1138,110,1249,235
143.jpg,1280,720,A32,735,266,775,303
144.jpg,1280,720,D9,1189,280,1245,348
145.jpg,1280,720,Green,220,189,231,222
145.jpg,1280,720,Green,482,281,491,313
145.jpg,1280,720,Green,988,203,1006,241
145.jpg,1280,720,Green,1130,276,1149,324
147.jpg,1280,720,B5,1081,21,1226,168
147.jpg,1280,720,D1,678,389,700,410
147.jpg,1280,720,A17,801,297,865,351
15.jpg,1280,720,D18,1155,373,1184,401
15.jpg,1280,720,B2,674,376,700,411
150.jpg,1280,720,B20,803,209,853,256
150.jpg,1280,720,B20,888,252,932,296
152.jpg,1280,720,Red,282,284,295,327
152.jpg,1280,720,Red,434,290,446,323
152.jpg,1280,720,Green,505,285,515,319
152.jpg,1280,720,Green,692,195,710,233
152.jpg,1280,720,Green,861,276,875,311
152.jpg,1280,720,D1,854,317,883,341
154.jpg,1280,720,A7,1102,135,1246,261
155.jpg,1280,720,A11a,1074,45,1192,150
156.jpg,1280,720,D42,1134,292,1257,363
156.jpg,1280,720,B33_80,958,319,1010,374
157.jpg,1280,720,B33_70,962,106,1079,219
158.jpg,1280,720,A5,995,169,1101,263
16.jpg,1280,720,D1,389,16,476,101
160.jpg,1280,720,B33_60,864,302,920,365
160.jpg,1280,720,D42,1079,196,1236,278
161.jpg,1280,720,B33_40,1033,266,1232,458
161.jpg,1280,720,A23,1026,34,1213,201
162.jpg,1280,720,B25,954,310,1018,377
163.jpg,1280,720,Red,282,85,309,163
163.jpg,1280,720,Red,445,90,467,164
163.jpg,1280,720,B2,234,376,251,393
165.jpg,1280,720,B5,1125,90,1184,153
167.jpg,1280,720,A7,1200,149,1274,215
167.jpg,1280,720,C2,1203,214,1268,277
168.jpg,1280,720,C9,115,163,164,212
168.jpg,1280,720,D3,1089,41,1158,109
168.jpg,1280,720,D7,1089,111,1158,196
169.jpg,1280,720,A6a,1129,116,1259,241
169.jpg,1280,720,A29,1130,237,1261,361
170.jpg,1280,720,A30,1094,27,1240,147
171.jpg,1280,720,A11,1137,163,1270,283
173.jpg,1280,720,B25,450,313,484,346
173.jpg,1280,720,A28,1116,93,1269,251
174.jpg,1280,720,D3,713,212,747,245
175.jpg,1280,720,Red,282,305,302,354
175.jpg,1280,720,Red,608,235,622,278
175.jpg,1280,720,Red,1056,331,1071,374
175.jpg,1280,720,A7,1038,238,1083,281
175.jpg,1280,720,A7,259,203,315,251
175.jpg,1280,720,D6,267,252,306,291
175.jpg,1280,720,D6,1043,282,1077,318
176.jpg,1280,720,D6,1063,231,1143,311
176.jpg,1280,720,B2,729,381,760,412
176.jpg,1280,720,D4a,1067,147,1145,229
176.jpg,1280,720,C8,1067,66,1149,146
179.jpg,1280,720,D43,922,103,1116,213
18.jpg,1280,720,B20,958,255,1033,332
180.jpg,1280,720,A11,1105,50,1244,172
182.jpg,1280,720,D43,1076,91,1275,189
183.jpg,1280,720,B33_70,828,277,860,309
183.jpg,1280,720,A9,1177,186,1272,270
184.jpg,1280,720,A7,104,102,164,155
184.jpg,1280,720,A7,1039,146,1094,201
184.jpg,1280,720,Green,611,112,627,165
184.jpg,1280,720,Green,1013,238,1032,303
184.jpg,1280,720,Green,99,202,119,274
185.jpg,1280,720,B2,944,133,1005,201
186.jpg,1280,720,A6b,873,160,954,234
187.jpg,1280,720,D6b,1131,73,1267,201
188.jpg,1280,720,B20,873,150,948,230
189.jpg,1280,720,D1,959,152,1038,240
190.jpg,1280,720,B33_70,963,105,1079,220
191.jpg,1280,720,B36,850,201,899,259
193.jpg,1280,720,B42,898,244,941,289
194.jpg,1280,720,Red,929,51,970,152
194.jpg,1280,720,Red,964,56,1006,160
195.jpg,1280,720,Green,570,60,602,129
196.jpg,1280,720,B23,112,123,194,222
197.jpg,1280,720,A7,863,143,911,187
197.jpg,1280,720,C12,874,188,923,237
198.jpg,1280,720,C5,1149,140,1208,213
199.jpg,1280,720,B2,615,343,632,361
199.jpg,1280,720,C9,462,372,489,400
2.jpg,1280,720,B33_40,1080,29,1250,194
2.jpg,1280,720,A7,780,289,846,347
20.jpg,1280,720,B1,1013,384,1074,446
20.jpg,1280,720,B33_70,1088,347,1109,369
20.jpg,1280,720,B33_70,763,352,783,372
200.jpg,1280,720,B25,802,204,858,259
200.jpg,1280,720,A1,798,154,855,204
201.jpg,1280,720,D43,1077,334,1228,400
202.jpg,1280,720,B36,87,98,136,164
203.jpg,1280,720,D4a,894,178,953,233
205.jpg,1280,720,B33_50,670,141,701,171
206.jpg,1280,720,A30,325,296,370,337
207.jpg,1280,720,Green,727,11,753,74
208.jpg,1280,720,D6,459,192,493,224
208.jpg,1280,720,B2,505,218,520,243
209.jpg,1280,720,A7,1108,127,1227,219
209.jpg,1280,720,D6b,1119,220,1224,314
21.jpg,1280,720,B20,812,186,895,273
210.jpg,1280,720,D6,487,116,530,160
210.jpg,1280,720,D6,1054,116,1098,160
211.jpg,1280,720,D6,771,354,820,400
211.jpg,1280,720,D1,1181,128,1280,257
212.jpg,1280,720,D7,1103,208,1196,324
213.jpg,1280,720,B33_40,915,275,999,356
213.jpg,1280,720,A3,910,203,996,273
214.jpg,1280,720,D40,1037,114,1183,216
215.jpg,1280,720,D9,1180,168,1267,278
216.jpg,1280,720,Green,138,180,169,289
216.jpg,1280,720,Green,1019,163,1053,273
216.jpg,1280,720,D1,1005,15,1086,95
216.jpg,1280,720,D6,1012,96,1077,161
216.jpg,1280,720,D6,123,118,166,175
216.jpg,1280,720,C9,49,306,137,397
216.jpg,1280,720,D6,921,255,954,288
216.jpg,1280,720,A7,1001,281,1038,322
216.jpg,1280,720,C9,259,338,306,369
216.jpg,1280,720,B36,532,316,559,342
217.jpg,1280,720,B20,937,270,1020,350
217.jpg,1280,720,A9,1145,248,1250,345
218.jpg,1280,720,A11,1024,274,1055,303
218.jpg,1280,720,B33_30,1026,304,1058,333
218.jpg,1280,720,D3,875,339,894,359
219.jpg,1280,720,D51,1120,158,1229,296
219.jpg,1280,720,A30,896,222,947,268
22.jpg,1280,720,A1,1156,81,1228,146
22.jpg,1280,720,A15,1162,147,1233,211
221.jpg,1280,720,D6,1186,194,1273,278
223.jpg,1280,720,B36,897,104,1032,240
224.jpg,1280,720,D9,913,198,958,254
224.jpg,1280,720,D9,243,170,287,228
225.jpg,1280,720,D6,1150,53,1237,143
227.jpg,1280,720,D6,128,203,193,269
227.jpg,1280,720,D6,1125,199,1190,263
227.jpg,1280,720,D3,881,244,915,276
227.jpg,1280,720,C9,463,235,497,270
228.jpg,1280,720,D3,1030,271,1137,377
228.jpg,1280,720,A32,865,333,916,379
229.jpg,1280,720,D43,935,211,1041,274
230.jpg,1280,720,B35,692,328,717,354
231.jpg,1280,720,B20,1072,135,1225,299
232.jpg,1280,720,B36,863,56,977,167
233.jpg,1280,720,B22,1040,59,1141,169
233.jpg,1280,720,D6,803,177,860,237
233.jpg,1280,720,D6,1,128,44,185
233.jpg,1280,720,D3,744,224,772,258
233.jpg,1280,720,D18,660,308,685,336
233.jpg,1280,720,D1,803,107,853,160
234.jpg,1280,720,A7,956,10,1175,208
235.jpg,1280,720,C5,666,223,697,254
235.jpg,1280,720,A7,1045,118,1069,142
235.jpg,1280,720,D1,908,214,934,238
235.jpg,1280,720,B23,903,238,941,275
235.jpg,1280,720,B23,22,193,53,226
235.jpg,1280,720,Green,301,25,317,67
235.jpg,1280,720,Green,87,184,98,226
235.jpg,1280,720,B36,331,166,358,193
236.jpg,1280,720,C2,821,275,872,332
236.jpg,1280,720,B2,659,343,708,400
236.jpg,1280,720,D41,907,117,1030,208
238.jpg,1280,720,Red,1035,48,1111,322
238.jpg,1280,720,B36,1082,417,1122,464
238.jpg,1280,720,D3,1084,464,1119,500
239.jpg,1280,720,D3,1163,156,1204,202
239.jpg,1280,720,B36,1155,36,1210,95
239.jpg,1280,720,C2,1247,159,1276,204
24.jpg,1280,720,D18,988,298,1020,344
240.jpg,1280,720,B20,1068,232,1166,338
240.jpg,1280,720,D1,828,302,872,351
240.jpg,1280,720,B36,782,342,810,373
240.jpg,1280,720,B36,922,295,940,332
241.jpg,1280,720,B20,1003,245,1101,352
242.jpg,1280,720,B20,871,108,986,245
242.jpg,1280,720,B33_30,1103,232,1158,289
243.jpg,1280,720,B20,1016,225,1125,347
244.jpg,1280,720,D5,1005,260,1130,387
245.jpg,1280,720,A9,768,108,878,203
245.jpg,1280,720,B21,788,206,863,283
245.jpg,1280,720,D1,678,276,705,304
246.jpg,1280,720,D8,985,291,1069,389
246.jpg,1280,720,D8,237,322,314,418
246.jpg,1280,720,A7,852,435,871,453
246.jpg,1280,720,C5,853,454,872,473
247.jpg,1280,720,D7,9,150,89,257
247.jpg,1280,720,D7,1047,183,1132,296
247.jpg,1280,720,D3,1045,92,1130,181
247.jpg,1280,720,D6,1190,48,1280,204
248.jpg,1280,720,B20,1033,71,1136,178
249.jpg,1280,720,D40,1103,103,1233,194
250.jpg,1280,720,A7,924,29,1061,162
250.jpg,1280,720,C2,932,168,1055,315
251.jpg,1280,720,Green,344,14,405,236
251.jpg,1280,720,B23,495,299,569,378
251.jpg,1280,720,D3,1115,371,1139,396
252.jpg,1280,720,D1,136,38,198,127
252.jpg,1280,720,Red,99,123,150,312
252.jpg,1280,720,Red,163,127,211,316
252.jpg,1280,720,Green,1065,20,1097,133
252.jpg,1280,720,C9,413,412,449,458
253.jpg,1280,720,Red,232,350,248,413
253.jpg,1280,720,Red,867,356,887,421
253.jpg,1280,720,A7,869,321,913,366
254.jpg,1280,720,Red,1073,131,1119,287
254.jpg,1280,720,A7,1065,61,1173,161
255.jpg,1280,720,Green,400,195,452,380
255.jpg,1280,720,Green,744,42,786,163
255.jpg,1280,720,Green,1223,1,1265,72
256.jpg,1280,720,B36,1078,15,1145,133
256.jpg,1280,720,D3,1079,134,1127,221
258.jpg,1280,720,D1,1187,112,1269,201
258.jpg,1280,720,C5,1172,203,1280,335
259.jpg,1280,720,D18,1012,98,1060,145
26.jpg,1280,720,Green,392,265,416,339
26.jpg,1280,720,Green,623,161,646,219
26.jpg,1280,720,Green,766,197,783,247
26.jpg,1280,720,Green,1052,295,1071,352
26.jpg,1280,720,B20,261,257,319,314
26.jpg,1280,720,B20,1141,277,1192,323
26.jpg,1280,720,D6,268,314,315,360
26.jpg,1280,720,D6,1149,322,1188,357
260.jpg,1280,720,B23,1041,177,1138,279
260.jpg,1280,720,B23,327,346,362,383
260.jpg,1280,720,D1,811,329,839,361
261.jpg,1280,720,A7,913,49,1031,150
261.jpg,1280,720,D6,800,284,851,339
262.jpg,1280,720,A7,1036,21,1170,144
262.jpg,1280,720,Red,843,226,865,277
262.jpg,1280,720,C2,1036,144,1166,276
262.jpg,1280,720,D6,1114,295,1167,344
264.jpg,1280,720,D6,971,248,1034,318
264.jpg,1280,720,D1,971,167,1026,229
265.jpg,1280,720,A7,1100,1,1280,149
266.jpg,1280,720,D1,855,1,1098,213
267.jpg,1280,720,A16,1094,160,1163,234
267.jpg,1280,720,D1,517,317,542,345
269.jpg,1280,720,B21,150,35,241,124
269.jpg,1280,720,Green,166,129,218,316
269.jpg,1280,720,C9,347,412,394,460
269.jpg,1280,720,A12b,1176,282,1229,329
269.jpg,1280,720,B36,1179,330,1226,372
27.jpg,1280,720,D3,958,263,1005,313
27.jpg,1280,720,D7,958,314,1004,374
270.jpg,1280,720,A7,954,26,1133,178
270.jpg,1280,720,C12,975,178,1105,298
270.jpg,1280,720,C9,814,339,840,362
270.jpg,1280,720,C9,468,332,486,352
271.jpg,1280,720,B23,306,299,353,345
271.jpg,1280,720,B23,1026,321,1073,367
271.jpg,1280,720,Red,704,370,711,387
271.jpg,1280,720,Red,631,405,637,420
271.jpg,1280,720,Red,794,412,799,426
272.jpg,1280,720,A6a,212,90,302,171
272.jpg,1280,720,A16,210,171,297,252
273.jpg,1280,720,D6,816,247,867,299
273.jpg,1280,720,A5,1042,78,1200,216
274.jpg,1280,720,D1,915,14,1027,127
274.jpg,1280,720,B36,921,130,1027,240
274.jpg,1280,720,Red,360,283,367,305
274.jpg,1280,720,Red,300,331,307,354
274.jpg,1280,720,Red,421,285,428,307
274.jpg,1280,720,Red,485,285,493,307
274.jpg,1280,720,Red,546,342,553,365
275.jpg,1280,720,D6,39,284,119,370
275.jpg,1280,720,D6,672,57,747,140
275.jpg,1280,720,C9,417,399,443,427
275.jpg,1280,720,D3,822,416,851,444
276.jpg,1280,720,B31,1063,5,1178,89
277.jpg,1280,720,D1,1126,113,1229,211
278.jpg,1280,720,D2,990,26,1133,165
278.jpg,1280,720,A7,1005,164,1127,274
28.jpg,1280,720,B33_90,989,208,1052,267
28.jpg,1280,720,B33_90,35,180,99,243
280.jpg,1280,720,Green,1081,239,1119,338
280.jpg,1280,720,Green,1131,237,1170,338
280.jpg,1280,720,A7,1047,77,1145,157
280.jpg,1280,720,D6,1063,156,1138,224
281.jpg,1280,720,B21,1003,75,1106,178
282.jpg,1280,720,Red,1105,143,1170,331
282.jpg,1280,720,D6b,1048,11,1197,138
283.jpg,1280,720,D1,1083,19,1165,99
283.jpg,1280,720,B22,1064,101,1184,222
284.jpg,1280,720,D3,755,172,804,218
284.jpg,1280,720,D7,967,39,1069,168
284.jpg,1280,720,D43,949,164,1086,228
286.jpg,1280,720,Green,382,303,396,349
286.jpg,1280,720,Green,639,270,652,303
286.jpg,1280,720,Green,945,341,955,378
287.jpg,1280,720,Green,703,9,732,98
287.jpg,1280,720,Green,179,202,205,287
287.jpg,1280,720,A7,146,62,212,120
287.jpg,1280,720,C12,143,118,207,181
288.jpg,1280,720,D1,336,291,382,337
288.jpg,1280,720,D6,338,338,375,373
288.jpg,1280,720,Green,397,302,417,363
288.jpg,1280,720,Green,555,214,570,258
288.jpg,1280,720,Green,775,229,792,271
288.jpg,1280,720,Green,1217,323,1235,378
288.jpg,1280,720,D1,1203,266,1229,291
288.jpg,1280,720,D6,1202,293,1233,323
289.jpg,1280,720,D1,1134,111,1265,235
289.jpg,1280,720,D6,962,331,1020,390
29.jpg,1280,720,D9,797,410,819,437
29.jpg,1280,720,D9,483,417,504,442
290.jpg,1280,720,D6,489,322,540,376
290.jpg,1280,720,D6,1209,316,1264,373
290.jpg,1280,720,C9,413,351,492,431
291.jpg,1280,720,D6,1030,354,1081,408
291.jpg,1280,720,A7,1137,244,1228,327
291.jpg,1280,720,D2,1134,142,1239,243
292.jpg,1280,720,Red,107,242,125,301
292.jpg,1280,720,Red,443,192,456,233
292.jpg,1280,720,Red,625,179,640,221
292.jpg,1280,720,Red,883,261,902,316
292.jpg,1280,720,D1,879,197,906,223
293.jpg,1280,720,D1,1137,36,1280,204
293.jpg,1280,720,D6,610,314,660,367
293.jpg,1280,720,D18,716,273,768,330
293.jpg,1280,720,D18,789,197,868,272
295.jpg,1280,720,A7,855,172,920,231
295.jpg,1280,720,A7,160,161,222,218
295.jpg,1280,720,C12,161,219,222,281
295.jpg,1280,720,C12,858,231,919,291
295.jpg,1280,720,D6,778,281,808,312
295.jpg,1280,720,D6,327,274,359,305
296.jpg,1280,720,D1,1170,264,1215,319
296.jpg,1280,720,D6,1173,322,1222,385
297.jpg,1280,720,D6b,757,303,797,342
297.jpg,1280,720,A5,891,74,1100,259
298.jpg,1280,720,Green,281,137,321,265
298.jpg,1280,720,Green,329,47,361,143
298.jpg,1280,720,Green,558,82,585,170
298.jpg,1280,720,Green,757,271,773,340
299.jpg,1280,720,D6b,1063,129,1158,228
299.jpg,1280,720,A7,948,75,1035,152
299.jpg,1280,720,C12,947,154,1033,238
3.jpg,1280,720,D7,966,69,1079,205
30.jpg,1280,720,A1,1133,298,1220,375
301.jpg,1280,720,A2,851,253,900,298
302.jpg,1280,720,Green,662,157,674,196
302.jpg,1280,720,Green,573,247,589,299
302.jpg,1280,720,D6,424,204,455,234
302.jpg,1280,720,D6,562,216,587,244
303.jpg,1280,720,B21,894,276,928,328
306.jpg,1280,720,D3,1070,219,1093,260
306.jpg,1280,720,D6b,446,261,486,302
307.jpg,1280,720,D6,1116,80,1200,169
307.jpg,1280,720,D1,1123,5,1195,78
307.jpg,1280,720,B20,330,319,371,361
309.jpg,1280,720,B33_40,377,281,403,307
309.jpg,1280,720,B33_40,1087,64,1192,169
309.jpg,1280,720,B36,1083,170,1190,276
309.jpg,1280,720,B36,376,307,402,333
309.jpg,1280,720,D1,183,311,203,331
309.jpg,1280,720,B25,242,286,264,307
309.jpg,1280,720,B33_40,242,307,264,327
31.jpg,1280,720,B20,962,417,1009,460
310.jpg,1280,720,D1,325,287,370,330
310.jpg,1280,720,B2,717,367,732,384
311.jpg,1280,720,A4,1108,67,1277,220
312.jpg,1280,720,B33_60,1078,204,1185,315
312.jpg,1280,720,A1,1061,69,1207,204
312.jpg,1280,720,B33_40,753,269,774,290
313.jpg,1280,720,A5,1016,284,1064,328
314.jpg,1280,720,B36,121,253,186,320
315.jpg,1280,720,A16,360,123,424,184
315.jpg,1280,720,A6b,360,65,426,122
316.jpg,1280,720,B20,344,315,384,357
316.jpg,1280,720,D1,1110,7,1183,81
316.jpg,1280,720,D6,1108,82,1190,171
317.jpg,1280,720,A30,894,162,965,222
318.jpg,1280,720,A32,828,170,890,232
319.jpg,1280,720,B31,92,47,252,211
32.jpg,1280,720,B20,820,416,864,458
320.jpg,1280,720,D6,1002,329,1056,380
320.jpg,1280,720,B35,564,441,599,473
321.jpg,1280,720,A7,942,143,1077,262
322.jpg,1280,720,D9,111,254,170,327
322.jpg,1280,720,D9,1093,279,1152,352
322.jpg,1280,720,D8,112,328,169,395
322.jpg,1280,720,D8,1092,351,1151,423
323.jpg,1280,720,A7,954,197,1077,304
323.jpg,1280,720,D2,954,73,1078,194
323.jpg,1280,720,A7,907,254,944,289
323.jpg,1280,720,D6,442,300,477,333
323.jpg,1280,720,D6,861,307,894,341
323.jpg,1280,720,C12,907,289,943,327
323.jpg,1280,720,C9,373,338,423,387
323.jpg,1280,720,C9,714,333,736,354
324.jpg,1280,720,D6,1088,262,1146,321
325.jpg,1280,720,B36,1138,100,1279,237
326.jpg,1280,720,A9,1092,33,1227,153
327.jpg,1280,720,B36,120,252,185,322
328.jpg,1280,720,D1,981,83,1118,211
33.jpg,1280,720,B20,1005,331,1071,394
331.jpg,1280,720,B36,870,173,917,223
331.jpg,1280,720,D18,872,246,917,300
336.jpg,1280,720,D3,958,262,1002,314
336.jpg,1280,720,D7,958,313,1004,373
336.jpg,1280,720,C9,288,340,321,373
337.jpg,1280,720,D43,924,99,1115,217
338.jpg,1280,720,D43,925,282,1021,333
339.jpg,1280,720,D42,970,379,1081,425
34.jpg,1280,720,B20,877,265,956,342
34.jpg,1280,720,D6,888,343,948,398
340.jpg,1280,720,D9,914,197,958,254
340.jpg,1280,720,D9,242,170,286,228
341.jpg,1280,720,C9,116,162,164,213
341.jpg,1280,720,D3,1088,41,1156,109
341.jpg,1280,720,D7,1088,111,1157,197
342.jpg,1280,720,D42,942,165,1142,250
344.jpg,1280,720,D40,1028,163,1174,264
345.jpg,1280,720,B5,863,25,1013,176
346.jpg,1280,720,Green,756,8,801,146
346.jpg,1280,720,B36,594,126,629,163
346.jpg,1280,720,D3,596,161,627,191
346.jpg,1280,720,Green,212,469,250,612
346.jpg,1280,720,D1,47,417,159,524
346.jpg,1280,720,C5,51,526,158,631
347.jpg,1280,720,D40,928,107,1146,271
348.jpg,1280,720,B25,954,158,1060,262
349.jpg,1280,720,B25,952,157,1060,263
35.jpg,1280,720,B5,1077,92,1170,187
35.jpg,1280,720,D1,333,300,361,328
350.jpg,1280,720,B25,952,157,1060,263
354.jpg,1280,720,D42,941,165,1140,251
355.jpg,1280,720,D40,984,1,1164,114
356.jpg,1280,720,D40,925,105,1148,270
357.jpg,1280,720,A7,838,157,916,236
359.jpg,1280,720,B25,1111,168,1238,301
36.jpg,1280,720,B33_70,1081,197,1187,302
360.jpg,1280,720,B25,1110,167,1234,298
365.jpg,1280,720,B33_60,1078,190,1186,299
365.jpg,1280,720,A1,1060,52,1206,189
366.jpg,1280,720,B36,966,173,999,205
366.jpg,1280,720,C9,544,251,576,284
366.jpg,1280,720,D6,1224,171,1267,213
366.jpg,1280,720,D6,688,180,730,221
366.jpg,1280,720,D18,423,229,442,249
367.jpg,1280,720,D1,781,306,821,347
367.jpg,1280,720,Green,701,320,710,349
367.jpg,1280,720,Red,296,221,310,259
367.jpg,1280,720,Red,205,310,216,348
368.jpg,1280,720,D42,904,219,1105,335
368.jpg,1280,720,B20,992,361,1020,397
368.jpg,1280,720,D6,995,397,1017,423
369.jpg,1280,720,A32,954,86,1078,197
371.jpg,1280,720,D18,924,105,976,157
371.jpg,1280,720,D40,1060,2,1258,130
372.jpg,1280,720,D3,1066,354,1102,387
372.jpg,1280,720,B36,1159,356,1202,398
373.jpg,1280,720,B20,984,79,1099,191
373.jpg,1280,720,B20,1114,203,1205,298
374.jpg,1280,720,Green,964,66,1024,259
374.jpg,1280,720,Green,511,152,528,207
374.jpg,1280,720,Green,983,340,1007,415
374.jpg,1280,720,D6,914,1,1010,67
375.jpg,1280,720,B20,952,40,1075,158
375.jpg,1280,720,B20,1064,182,1159,275
375.jpg,1280,720,B36,709,306,733,335
376.jpg,1280,720,D6,740,240,784,284
376.jpg,1280,720,D18,807,261,837,293
376.jpg,1280,720,D6b,990,25,1131,167
377.jpg,1280,720,D9,118,224,176,296
377.jpg,1280,720,D9,1114,247,1175,320
377.jpg,1280,720,D8,117,297,175,368
377.jpg,1280,720,D8,1113,321,1172,395
379.jpg,1280,720,D43,1045,372,1156,426
38.jpg,1280,720,A30,758,230,795,262
381.jpg,1280,720,D18,959,140,1012,193
381.jpg,1280,720,D18,463,178,486,204
382.jpg,1280,720,B20,984,78,1100,194
382.jpg,1280,720,B20,1114,204,1206,297
382.jpg,1280,720,B36,781,330,807,359
383.jpg,1280,720,D43,922,101,1117,218
384.jpg,1280,720,D1,548,258,587,298
384.jpg,1280,720,D1,901,268,939,306
385.jpg,1280,720,B20,952,40,1075,161
385.jpg,1280,720,B20,1064,181,1157,273
385.jpg,1280,720,B36,710,306,733,334
386.jpg,1280,720,Red,631,110,652,176
387.jpg,1280,720,Red,1240,191,1276,296
387.jpg,1280,720,Red,551,175,567,227
388.jpg,1280,720,B36,543,185,590,232
389.jpg,1280,720,A6c,882,245,961,317
390.jpg,1280,720,B36,690,129,725,165
390.jpg,1280,720,B33_60,651,176,675,202
391.jpg,1280,720,D1,970,245,1014,288
392.jpg,1280,720,B2,1179,229,1239,319
392.jpg,1280,720,D3,781,314,805,340
392.jpg,1280,720,D18,781,340,805,365
394.jpg,1280,720,A7,725,333,752,356
394.jpg,1280,720,Green,713,345,722,373
395.jpg,1280,720,D7,1156,100,1280,270
397.jpg,1280,720,D2,964,99,1018,152
397.jpg,1280,720,Red,687,169,697,204
398.jpg,1280,720,D3,1191,135,1273,226
398.jpg,1280,720,D18,413,342,430,362
398.jpg,1280,720,D18,745,351,767,372
399.jpg,1280,720,A30,919,263,957,300
4.jpg,1280,720,B33_40,692,327,720,355
4.jpg,1280,720,B25,691,297,718,326
4.jpg,1280,720,A4,1121,17,1252,127
40.jpg,1280,720,B33_70,902,102,997,190
40.jpg,1280,720,D3,906,190,1006,283
400.jpg,1280,720,D40,1081,243,1207,323
401.jpg,1280,720,D8,126,244,189,324
401.jpg,1280,720,D8,1069,248,1129,326
401.jpg,1280,720,C5,876,335,893,352
401.jpg,1280,720,A7,877,319,894,335
402.jpg,1280,720,Green,863,137,887,200
402.jpg,1280,720,Green,1004,142,1026,204
402.jpg,1280,720,D6,324,217,376,268
403.jpg,1280,720,B33_120,464,310,494,342
403.jpg,1280,720,B33_120,883,331,914,362
403.jpg,1280,720,D9,1156,240,1260,368
404.jpg,1280,720,D42,942,165,1143,254
405.jpg,1280,720,A9,1022,218,1133,265
406.jpg,1280,720,D18,209,236,227,255
406.jpg,1280,720,D18,431,161,461,197
406.jpg,1280,720,D18,233,262,251,281
406.jpg,1280,720,B21,426,85,465,135
406.jpg,1280,720,D4a,299,234,312,259
407.jpg,1280,720,D4a,110,180,133,226
407.jpg,1280,720,D40,116,226,133,249
407.jpg,1280,720,D18,267,183,302,217
407.jpg,1280,720,B36,1229,169,1265,206
408.jpg,1280,720,D1,740,191,844,226
409.jpg,1280,720,Red,820,202,855,306
409.jpg,1280,720,C6,887,193,950,252
409.jpg,1280,720,D6b,887,254,950,312
410.jpg,1280,720,D1,122,145,207,179
410.jpg,1280,720,D6,136,179,198,209
410.jpg,1280,720,Red,374,33,412,92
410.jpg,1280,720,Red,710,28,742,87
410.jpg,1280,720,Red,1014,27,1049,83
411.jpg,1280,720,D18,199,194,232,240
411.jpg,1280,720,D18,418,198,444,241
411.jpg,1280,720,D18,547,201,570,240
411.jpg,1280,720,D18,677,205,697,241
411.jpg,1280,720,D18,798,211,818,245
411.jpg,1280,720,D18,913,210,932,243
411.jpg,1280,720,D18,1020,212,1037,244
412.jpg,1280,720,D42,1051,229,1172,305
412.jpg,1280,720,B33_80,831,276,875,323
412.jpg,1280,720,C5,1064,304,1094,333
413.jpg,1280,720,A7,1102,149,1200,186
413.jpg,1280,720,C12,1105,187,1199,226
414.jpg,1280,720,C12,304,207,353,228
414.jpg,1280,720,C12,716,204,761,224
414.jpg,1280,720,D6,909,129,1003,171
414.jpg,1280,720,C9,95,257,172,287
414.jpg,1280,720,A7,301,185,352,207
414.jpg,1280,720,A7,714,185,760,204
418.jpg,1280,720,D1,865,155,905,171
419.jpg,1280,720,B33_40,1107,172,1131,196
42.jpg,1280,720,D3,957,265,1006,313
42.jpg,1280,720,D7,957,314,1006,373
42.jpg,1280,720,C9,288,339,323,372
420.jpg,1280,720,D18,923,128,967,151
421.jpg,1280,720,D18,755,213,793,244
421.jpg,1280,720,D6,842,261,862,276
422.jpg,1280,720,C9,356,188,393,244
422.jpg,1280,720,D6,741,64,785,128
423.jpg,1280,720,D10,57,146,110,214
423.jpg,1280,720,D10,1135,184,1188,250
423.jpg,1280,720,A6d,345,262,372,285
424.jpg,1280,720,C9,146,419,169,447
424.jpg,1280,720,C10,381,434,405,459
427.jpg,1280,720,Green,931,216,950,251
427.jpg,1280,720,Green,407,214,422,244
427.jpg,1280,720,A7,1214,162,1280,224
428.jpg,1280,720,D18,609,25,709,122
429.jpg,1280,720,D2,141,124,237,204
429.jpg,1280,720,A7,138,201,237,277
430.jpg,1280,720,B2,18,193,45,213
431.jpg,1280,720,B36,971,139,1028,188
434.jpg,1280,720,D8,1153,135,1226,224
436.jpg,1280,720,D18,118,290,150,319
437.jpg,1280,720,D18,1129,146,1180,187
438.jpg,1280,720,B36,15,338,42,361
439.jpg,1280,720,C9,335,285,396,315
44.jpg,1280,720,Red,884,102,920,199
44.jpg,1280,720,D6,946,110,988,178
44.jpg,1280,720,B23,321,279,345,308
441.jpg,1280,720,B36,1034,11,1266,153
443.jpg,1280,720,Green,808,112,818,132
443.jpg,1280,720,Green,881,113,889,134
443.jpg,1280,720,D18,1025,154,1045,175
443.jpg,1280,720,D1,978,146,1001,164
443.jpg,1280,720,B22,978,164,1002,183
443.jpg,1280,720,B2,554,176,569,188
444.jpg,1280,720,D6,849,115,881,149
444.jpg,1280,720,D6,1144,59,1221,123
445.jpg,1280,720,B5,965,93,1077,208
446.jpg,1280,720,D8,364,275,414,343
446.jpg,1280,720,D8,1212,253,1271,327
447.jpg,1280,720,D18,742,136,820,197
448.jpg,1280,720,Red,590,134,608,177
448.jpg,1280,720,Green,739,131,757,175
448.jpg,1280,720,D6b,407,231,440,266
449.jpg,1280,720,D18,106,229,158,266
45.jpg,1280,720,A7,684,160,723,195
45.jpg,1280,720,D6,685,195,725,232
450.jpg,1280,720,D3,116,124,181,152
450.jpg,1280,720,D40,111,149,196,175
451.jpg,1280,720,B36,997,1,1161,110
452.jpg,1280,720,D1,42,69,153,151
452.jpg,1280,720,D6b,54,153,135,211
452.jpg,1280,720,D6b,937,151,1026,222
452.jpg,1280,720,Red,878,133,930,252
452.jpg,1280,720,A7,349,258,367,289
453.jpg,1280,720,B36,333,30,466,132
454.jpg,1280,720,A5,873,115,896,135
454.jpg,1280,720,D18,20,143,42,157
455.jpg,1280,720,B36,70,111,292,256
455.jpg,1280,720,D6b,970,338,1025,376
456.jpg,1280,720,D6,903,6,1126,173
457.jpg,1280,720,D9,115,255,172,327
457.jpg,1280,720,D9,1092,277,1151,353
457.jpg,1280,720,D8,114,326,170,400
457.jpg,1280,720,D8,1092,352,1153,424
458.jpg,1280,720,D6b,1013,94,1138,189
46.jpg,1280,720,B36,1007,22,1131,148
460.jpg,1280,720,D18,1218,210,1271,263
460.jpg,1280,720,D18,39,298,61,319
461.jpg,1280,720,Red,75,44,95,99
461.jpg,1280,720,Red,252,42,273,94
461.jpg,1280,720,Red,503,191,524,244
461.jpg,1280,720,A7,527,172,577,205
461.jpg,1280,720,A7,1183,164,1236,203
461.jpg,1280,720,Red,1142,184,1163,243
461.jpg,1280,720,D6b,1188,204,1228,237
461.jpg,1280,720,D6b,535,208,574,237
461.jpg,1280,720,D6,141,249,160,264
461.jpg,1280,720,A7,164,246,179,260
462.jpg,1280,720,D1,1020,308,1082,369
463.jpg,1280,720,D1,579,192,643,222
463.jpg,1280,720,D6,970,45,1132,126
464.jpg,1280,720,B36,1101,10,1222,150
465.jpg,1280,720,Red,793,191,803,216
465.jpg,1280,720,Red,912,253,921,279
465.jpg,1280,720,D1,921,244,948,266
465.jpg,1280,720,D6,922,269,944,286
466.jpg,1280,720,B43_30,808,315,842,350
468.jpg,1280,720,D7,1027,256,1089,331
469.jpg,1280,720,D6,612,309,648,342
469.jpg,1280,720,Red,347,219,362,260
469.jpg,1280,720,Red,435,217,454,259
47.jpg,1280,720,B2,916,60,1012,155
470.jpg,1280,720,B36,906,69,1075,197
471.jpg,1280,720,B36,750,209,781,235
471.jpg,1280,720,D18,1075,171,1114,199
472.jpg,1280,720,D6,1166,153,1278,197
473.jpg,1280,720,Red,526,82,546,124
473.jpg,1280,720,Red,732,176,747,204
473.jpg,1280,720,D1,823,142,879,185
473.jpg,1280,720,D6b,754,180,793,208
474.jpg,1280,720,B36,933,99,1126,229
475.jpg,1280,720,D3,636,183,695,239
475.jpg,1280,720,B36,632,122,711,181
475.jpg,1280,720,B33_30,632,60,714,123
476.jpg,1280,720,B36,799,81,979,223
477.jpg,1280,720,B36,943,154,1120,275
478.jpg,1280,720,D18,1114,227,1200,263
478.jpg,1280,720,D18,421,168,482,222
479.jpg,1280,720,D8,362,275,414,342
479.jpg,1280,720,D8,1213,254,1274,329
48.jpg,1280,720,C9,38,169,94,223
48.jpg,1280,720,C5,725,125,779,181
480.jpg,1280,720,B36,691,110,859,182
480.jpg,1280,720,D18,725,181,875,237
480.jpg,1280,720,D18,305,351,349,372
482.jpg,1280,720,C9,321,131,406,200
483.jpg,1280,720,B36,375,228,519,292
486.jpg,1280,720,Red,196,105,232,185
486.jpg,1280,720,Green,647,49,667,100
486.jpg,1280,720,Green,995,147,1014,211
486.jpg,1280,720,D1,1018,162,1056,194
487.jpg,1280,720,D3,378,94,434,148
488.jpg,1280,720,D40,1137,81,1270,140
489.jpg,1280,720,B36,1031,163,1118,226
49.jpg,1280,720,B25,1158,206,1244,298
491.jpg,1280,720,A7,827,35,879,107
491.jpg,1280,720,D18,568,156,598,188
492.jpg,1280,720,B36,837,153,1008,271
493.jpg,1280,720,B36,596,169,639,215
493.jpg,1280,720,D4a,596,117,640,165
493.jpg,1280,720,B43_30,593,218,634,265
494.jpg,1280,720,B36,631,110,704,167
495.jpg,1280,720,B33_20,588,148,661,189
495.jpg,1280,720,A11a,574,86,660,127
496.jpg,1280,720,D6,1154,55,1208,96
499.jpg,1280,720,B35,521,144,546,171
5.jpg,1280,720,A5,1146,61,1276,184
50.jpg,1280,720,B36,695,243,759,304
50.jpg,1280,720,D42,980,103,1215,258
500.jpg,1280,720,D6,881,211,938,258
501.jpg,1280,720,D9,220,139,276,210
501.jpg,1280,720,D9,1017,170,1073,243
502.jpg,1280,720,D6,1082,240,1141,291
503.jpg,1280,720,D18,648,1,702,80
504.jpg,1280,720,B36,778,208,903,300
505.jpg,1280,720,B33_20,840,255,868,287
505.jpg,1280,720,A11a,842,216,867,243
505.jpg,1280,720,B35,889,246,913,271
505.jpg,1280,720,D6,891,269,911,289
505.jpg,1280,720,D6,664,272,682,289
505.jpg,1280,720,A7,995,267,1008,279
507.jpg,1280,720,D18,928,124,1009,203
507.jpg,1280,720,B2,649,90,724,171
508.jpg,1280,720,D6,1210,101,1243,126
509.jpg,1280,720,D18,1028,154,1053,175
509.jpg,1280,720,D18,1119,109,1165,148
51.jpg,1280,720,B36,1142,112,1216,188
51.jpg,1280,720,D3,1146,185,1220,263
510.jpg,1280,720,D18,1010,63,1031,83
510.jpg,1280,720,D18,1106,12,1146,51
511.jpg,1280,720,D18,1018,24,1114,133
511.jpg,1280,720,D18,358,166,390,199
512.jpg,1280,720,A7,606,222,636,252
512.jpg,1280,720,A7,749,47,834,142
512.jpg,1280,720,C12,762,145,816,203
512.jpg,1280,720,C12,608,255,632,282
512.jpg,1280,720,D6b,759,203,815,265
512.jpg,1280,720,C9,682,280,709,308
513.jpg,1280,720,D1,492,201,521,226
514.jpg,1280,720,B36,721,183,876,294
516.jpg,1280,720,Red,684,2,707,68
516.jpg,1280,720,B20,1033,86,1120,169
516.jpg,1280,720,D3,873,326,894,348
517.jpg,1280,720,Red,541,49,553,86
518.jpg,1280,720,D18,246,159,339,227
519.jpg,1280,720,Red,22,277,51,351
519.jpg,1280,720,Red,356,219,376,268
519.jpg,1280,720,Red,536,224,555,274
519.jpg,1280,720,D6b,71,329,124,370
519.jpg,1280,720,B2,71,390,98,411
52.jpg,1280,720,D42,1004,174,1180,266
520.jpg,1280,720,Red,741,109,766,172
520.jpg,1280,720,C9,404,276,503,365
521.jpg,1280,720,A29,954,162,1049,231
521.jpg,1280,720,A29,945,89,1050,161
522.jpg,1280,720,A7,715,193,762,226
522.jpg,1280,720,D6,127,204,170,232
523.jpg,1280,720,D3,1102,67,1224,184
523.jpg,1280,720,D18,254,278,296,313
523.jpg,1280,720,D18,1,202,80,278
524.jpg,1280,720,Red,916,69,968,144
526.jpg,1280,720,D6,1057,106,1144,170
526.jpg,1280,720,D6,800,157,836,193
527.jpg,1280,720,D1,261,74,344,139
528.jpg,1280,720,B20,1128,189,1224,231
528.jpg,1280,720,B20,70,254,127,281
528.jpg,1280,720,D6,1139,228,1215,258
530.jpg,1280,720,D18,372,4,437,79
530.jpg,1280,720,A7,1126,93,1174,131
530.jpg,1280,720,C12,1123,126,1167,165
532.jpg,1280,720,D1,1114,19,1235,78
533.jpg,1280,720,D6,549,101,601,155
535.jpg,1280,720,D6b,302,136,355,172
535.jpg,1280,720,B21,401,181,435,204
536.jpg,1280,720,D18,583,233,611,254
537.jpg,1280,720,B33_70,864,79,900,115
537.jpg,1280,720,C7,861,50,899,88
538.jpg,1280,720,B36,1176,131,1270,186
539.jpg,1280,720,B21,75,75,143,127
539.jpg,1280,720,Red,721,38,752,124
539.jpg,1280,720,D6,760,74,821,121
539.jpg,1280,720,D6,1018,61,1080,112
54.jpg,1280,720,A7,1128,245,1180,294
540.jpg,1280,720,B36,60,139,103,187
540.jpg,1280,720,B36,709,130,743,180
541.jpg,1280,720,C9,324,243,376,293
541.jpg,1280,720,A7,900,167,953,214
542.jpg,1280,720,Red,737,101,755,147
544.jpg,1280,720,D1,1083,233,1141,294
544.jpg,1280,720,Red,592,184,615,242
544.jpg,1280,720,Red,446,174,467,237
544.jpg,1280,720,Red,752,187,771,247
545.jpg,1280,720,D43,922,100,1117,222
548.jpg,1280,720,B5,331,35,369,72
549.jpg,1280,720,B36,1006,299,1040,325
55.jpg,1280,720,C9,8,266,60,322
551.jpg,1280,720,A7,654,256,713,306
551.jpg,1280,720,D6b,665,305,707,344
552.jpg,1280,720,B2,1210,227,1240,289
552.jpg,1280,720,B20,1115,230,1137,265
555.jpg,1280,720,D6,325,151,368,199
555.jpg,1280,720,D6,1042,178,1063,219
556.jpg,1280,720,A7,367,248,436,313
556.jpg,1280,720,A7,1149,288,1218,351
556.jpg,1280,720,C12,366,312,435,381
556.jpg,1280,720,C12,1156,352,1224,418
557.jpg,1280,720,B33_60,1078,204,1188,316
557.jpg,1280,720,A1,1059,69,1208,204
557.jpg,1280,720,B33_40,753,268,774,290
56.jpg,1280,720,A6c,1120,146,1257,267
560.jpg,1280,720,D41,743,348,769,361
562.jpg,1280,720,B25,1010,242,1066,311
564.jpg,1280,720,A6c,811,473,866,522
565.jpg,1280,720,D6,1206,71,1280,201
568.jpg,1280,720,D2,953,75,1077,190
568.jpg,1280,720,A7,953,196,1078,304
568.jpg,1280,720,C9,373,338,423,387
568.jpg,1280,720,D6,444,298,477,333
568.jpg,1280,720,D6,862,307,895,340
568.jpg,1280,720,A7,908,253,945,290
568.jpg,1280,720,C12,908,289,943,327
568.jpg,1280,720,C9,714,333,737,355
568.jpg,1280,720,B36,1093,303,1109,318
57.jpg,1280,720,A16,1061,117,1171,212
57.jpg,1280,720,A6c,901,276,922,295
570.jpg,1280,720,Red,437,189,462,222
570.jpg,1280,720,Red,776,190,805,225
570.jpg,1280,720,Red,1136,187,1162,225
570.jpg,1280,720,Red,144,207,169,242
570.jpg,1280,720,C9,105,344,149,359
571.jpg,1280,720,D18,931,13,1109,89
572.jpg,1280,720,D6b,897,379,949,430
573.jpg,1280,720,D6b,897,225,949,274
575.jpg,1280,720,B36,925,5,1248,186
576.jpg,1280,720,A7,557,124,599,154
577.jpg,1280,720,A7,556,222,591,246
578.jpg,1280,720,D18,631,98,672,124
579.jpg,1280,720,D7,177,152,237,230
579.jpg,1280,720,D43,146,230,269,299
58.jpg,1280,720,C9,529,267,550,290
581.jpg,1280,720,B36,633,185,796,245
583.jpg,1280,720,Red,517,159,531,195
583.jpg,1280,720,Red,665,244,676,280
583.jpg,1280,720,D18,752,213,802,257
583.jpg,1280,720,D1,670,190,705,217
583.jpg,1280,720,D6,674,217,701,239
583.jpg,1280,720,B21,743,165,803,213
584.jpg,1280,720,Red,697,260,709,289
584.jpg,1280,720,Red,767,257,781,287
584.jpg,1280,720,Red,838,258,849,285
584.jpg,1280,720,Green,923,260,934,286
586.jpg,1280,720,D6,953,109,1045,188
587.jpg,1280,720,B20,928,427,1028,467
588.jpg,1280,720,B2,897,122,996,196
588.jpg,1280,720,D6,1092,161,1155,208
588.jpg,1280,720,B43_30,906,223,984,280
589.jpg,1280,720,B36,53,50,513,178
589.jpg,1280,720,D3,87,177,428,271
59.jpg,1280,720,B23,332,242,392,302
59.jpg,1280,720,A20,326,177,395,240
59.jpg,1280,720,A20,984,290,1025,329
590.jpg,1280,720,D18,4,202,75,272
590.jpg,1280,720,D18,259,277,292,308
590.jpg,1280,720,D3,1112,78,1216,179
593.jpg,1280,720,B33_30,383,133,661,345
595.jpg,1280,720,Red,947,84,997,193
595.jpg,1280,720,D6,1120,97,1209,159
595.jpg,1280,720,D6,813,278,834,293
595.jpg,1280,720,D3,812,263,833,278
596.jpg,1280,720,D18,864,75,926,128
597.jpg,1280,720,D6,600,71,622,106
598.jpg,1280,720,C2,1119,138,1174,178
599.jpg,1280,720,A7,688,242,713,256
6.jpg,1280,720,A5,1076,105,1186,206
600.jpg,1280,720,D1,392,19,412,74
601.jpg,1280,720,D9,878,11,1237,431
602.jpg,1280,720,D1,341,37,478,154
602.jpg,1280,720,B35,339,157,483,263
605.jpg,1280,720,A7,335,188,415,219
605.jpg,1280,720,D6,339,218,409,252
607.jpg,1280,720,D41,1084,223,1187,272
608.jpg,1280,720,B36,1022,85,1205,168
608.jpg,1280,720,D18,1042,163,1193,226
609.jpg,1280,720,C9,378,396,463,442
609.jpg,1280,720,D6,1029,370,1114,410
609.jpg,1280,720,D1,967,419,1019,448
61.jpg,1280,720,A1,1084,78,1271,242
610.jpg,1280,720,B35,410,5,559,118
611.jpg,1280,720,B35,211,119,452,233
611.jpg,1280,720,B33_20,532,236,684,357
611.jpg,1280,720,D52,522,129,707,246
612.jpg,1280,720,B33_40,1135,211,1210,283
612.jpg,1280,720,A16,1126,131,1223,209
613.jpg,1280,720,B35,191,159,340,262
614.jpg,1280,720,B35,591,110,818,218
615.jpg,1280,720,A30,591,278,702,357
615.jpg,1280,720,A14,532,404,646,492
616.jpg,1280,720,D18,465,484,497,514
617.jpg,1280,720,D6,900,223,1001,306
617.jpg,1280,720,B35,457,331,494,370
621.jpg,1280,720,B35,837,98,893,135
622.jpg,1280,720,A7,1007,250,1087,287
623.jpg,1280,720,D6,879,170,1010,284
624.jpg,1280,720,D6,474,6,549,72
624.jpg,1280,720,D6,1206,1,1251,40
629.jpg,1280,720,D18,807,279,853,324
629.jpg,1280,720,D18,619,236,653,283
629.jpg,1280,720,A14,774,235,813,300
629.jpg,1280,720,B21,166,224,205,255
631.jpg,1280,720,D18,215,172,318,242
632.jpg,1280,720,C9,341,65,378,107
632.jpg,1280,720,A7,261,89,291,123
632.jpg,1280,720,D6,562,75,588,104
633.jpg,1280,720,A7,494,57,553,97
634.jpg,1280,720,B20,959,15,1107,142
634.jpg,1280,720,D6,974,137,1110,253
635.jpg,1280,720,B35,858,149,920,200
636.jpg,1280,720,B2,409,205,487,257
637.jpg,1280,720,A7,18,111,89,153
638.jpg,1280,720,D40,492,149,555,191
64.jpg,1280,720,D43,967,270,1084,318
640.jpg,1280,720,A7,1102,102,1172,192
640.jpg,1280,720,B41,701,165,753,220
641.jpg,1280,720,B35,687,119,740,167
642.jpg,1280,720,D6,984,85,1057,176
643.jpg,1280,720,D18,731,127,793,188
644.jpg,1280,720,D18,868,91,929,153
645.jpg,1280,720,D6,672,168,719,210
646.jpg,1280,720,B33_10,1181,28,1224,55
647.jpg,1280,720,C4,193,211,274,253
647.jpg,1280,720,D6,1,437,89,483
648.jpg,1280,720,D1,244,146,267,176
649.jpg,1280,720,A7,314,268,349,287
65.jpg,1280,720,B2,988,283,1042,362
650.jpg,1280,720,D18,859,214,939,281
651.jpg,1280,720,D6,235,258,378,309
652.jpg,1280,720,D1,28,561,75,588
652.jpg,1280,720,D6,29,585,66,607
652.jpg,1280,720,D1,680,515,705,540
652.jpg,1280,720,B21,679,541,706,566
653.jpg,1280,720,A7,1053,127,1139,217
654.jpg,1280,720,B2,846,127,957,240
656.jpg,1280,720,B41,257,229,328,287
656.jpg,1280,720,D6,141,213,209,283
656.jpg,1280,720,D6,744,229,818,297
658.jpg,1280,720,A32,348,294,407,352
658.jpg,1280,720,A32,1162,280,1219,333
659.jpg,1280,720,A7,1223,159,1280,246
659.jpg,1280,720,B2,1140,259,1211,315
66.jpg,1280,720,B33_30,1055,150,1161,254
660.jpg,1280,720,B33_40,1067,175,1210,231
661.jpg,1280,720,D6,1100,245,1183,302
661.jpg,1280,720,D18,440,313,470,348
662.jpg,1280,720,D1,427,107,493,158
662.jpg,1280,720,D6,493,157,537,189
663.jpg,1280,720,D6,742,368,772,398
663.jpg,1280,720,B21,592,283,614,304
664.jpg,1280,720,B20,726,276,766,311
665.jpg,1280,720,D6,928,339,1041,402
665.jpg,1280,720,C9,297,161,346,191
665.jpg,1280,720,D6,723,79,774,113
666.jpg,1280,720,D6b,733,106,841,181
666.jpg,1280,720,B35,750,198,797,233
667.jpg,1280,720,D7,788,171,892,285
667.jpg,1280,720,B33_50,670,271,726,326
667.jpg,1280,720,D43,775,279,906,353
667.jpg,1280,720,B33_50,1,294,52,347
668.jpg,1280,720,D6,796,267,824,294
669.jpg,1280,720,B33_30,501,292,532,317
67.jpg,1280,720,D6,1198,162,1254,215
672.jpg,1280,720,D6,1037,222,1089,279
674.jpg,1280,720,D6,533,135,587,179
674.jpg,1280,720,D6,1131,136,1172,179
675.jpg,1280,720,D1,770,262,792,285
676.jpg,1280,720,A7,826,244,888,301
676.jpg,1280,720,C2,833,298,885,337
676.jpg,1280,720,D6,833,333,881,378
677.jpg,1280,720,D6,323,150,370,200
677.jpg,1280,720,D6,1039,175,1065,215
679.jpg,1280,720,A7,1058,279,1091,302
679.jpg,1280,720,C2,1062,302,1085,323
679.jpg,1280,720,D6,1062,323,1088,344
68.jpg,1280,720,A30,1096,57,1226,159
68.jpg,1280,720,D1,948,205,989,242
680.jpg,1280,720,D1,624,214,688,254
681.jpg,1280,720,D18,840,317,883,354
682.jpg,1280,720,D6,101,1,280,106
683.jpg,1280,720,B21,801,172,839,197
683.jpg,1280,720,D18,798,205,842,226
684.jpg,1280,720,A7,1105,189,1176,229
687.jpg,1280,720,B35,688,50,732,100
688.jpg,1280,720,B22,67,301,248,415
688.jpg,1280,720,B35,255,302,426,422
689.jpg,1280,720,C2,254,317,366,388
689.jpg,1280,720,A7,459,240,546,296
69.jpg,1280,720,D40,1020,157,1181,268
690.jpg,1280,720,A6b,1142,224,1180,257
690.jpg,1280,720,B22,1141,258,1176,285
691.jpg,1280,720,D6,694,200,771,244
692.jpg,1280,720,A1,893,294,929,339
693.jpg,1280,720,B20,345,368,374,397
693.jpg,1280,720,D43,729,326,800,367
694.jpg,1280,720,D43,798,270,896,332
694.jpg,1280,720,B20,271,359,306,391
695.jpg,1280,720,B20,918,344,968,381
696.jpg,1280,720,D18,1155,271,1185,305
697.jpg,1280,720,B33_70,775,365,809,391
698.jpg,1280,720,A32,701,317,763,363
699.jpg,1280,720,B23,940,304,989,353
699.jpg,1280,720,B33_40,354,389,410,428
699.jpg,1280,720,A17,350,283,400,329
699.jpg,1280,720,A30,349,328,407,372
7.jpg,1280,720,A6e,1066,45,1227,183
700.jpg,1280,720,B23,388,355,432,389
701.jpg,1280,720,D1,1011,197,1059,241
701.jpg,1280,720,B21,1009,240,1061,285
702.jpg,1280,720,B21,934,140,988,193
702.jpg,1280,720,D6,949,195,991,236
703.jpg,1280,720,B33_40,838,279,878,319
703.jpg,1280,720,B36,840,238,878,277
703.jpg,1280,720,D3,936,293,957,318
704.jpg,1280,720,B21,797,267,833,304
705.jpg,1280,720,D1,794,239,833,278
706.jpg,1280,720,B25,858,250,916,310
706.jpg,1280,720,A6c,855,196,915,249
707.jpg,1280,720,A18b,922,184,997,259
708.jpg,1280,720,B33_70,879,227,935,289
709.jpg,1280,720,B25,812,253,861,302
709.jpg,1280,720,D42,715,303,748,323
71.jpg,1280,720,A7,1123,201,1218,286
71.jpg,1280,720,D2,1124,110,1216,198
71.jpg,1280,720,B33_50,693,357,717,381
710.jpg,1280,720,D42,800,246,877,290
711.jpg,1280,720,C9,445,243,492,288
712.jpg,1280,720,C9,572,161,611,199
713.jpg,1280,720,A16,901,127,971,189
713.jpg,1280,720,A17,907,188,975,252
714.jpg,1280,720,B25,934,170,984,219
714.jpg,1280,720,B36,938,221,989,275
715.jpg,1280,720,D1,993,205,1023,238
715.jpg,1280,720,B22,990,239,1037,289
716.jpg,1280,720,A16,921,111,973,161
716.jpg,1280,720,B25,923,158,976,211
716.jpg,1280,720,B36,930,212,981,266
716.jpg,1280,720,D1,747,289,768,309
717.jpg,1280,720,D1,993,155,1056,222
718.jpg,1280,720,B25,856,184,908,237
718.jpg,1280,720,B36,858,236,912,291
719.jpg,1280,720,D1,915,131,981,200
72.jpg,1280,720,A12a,1100,55,1252,185
720.jpg,1280,720,D43,925,242,1004,292
721.jpg,1280,720,B33_60,972,222,1022,277
721.jpg,1280,720,B25,969,171,1016,221
722.jpg,1280,720,A18b,920,163,982,217
723.jpg,1280,720,D6,143,14,237,115
723.jpg,1280,720,D6,1068,52,1179,156
723.jpg,1280,720,D1,908,278,943,310
723.jpg,1280,720,B23,907,313,946,347
723.jpg,1280,720,B23,501,364,528,391
724.jpg,1280,720,C9,433,208,496,270
726.jpg,1280,720,A1,896,203,968,272
727.jpg,1280,720,A15,895,204,963,266
728.jpg,1280,720,B33_60,829,199,880,249
728.jpg,1280,720,B25,832,253,882,303
73.jpg,1280,720,B20,1029,17,1162,131
73.jpg,1280,720,D6,1046,133,1149,221
730.jpg,1280,720,A6b,838,245,893,297
731.jpg,1280,720,A16,918,220,986,285
732.jpg,1280,720,D6,848,239,888,283
734.jpg,1280,720,D6,870,100,910,142
735.jpg,1280,720,A15,817,179,872,226
735.jpg,1280,720,A18b,821,242,874,291
736.jpg,1280,720,A6b,787,249,834,291
737.jpg,1280,720,A1,763,271,805,306
738.jpg,1280,720,A18b,821,265,866,308
739.jpg,1280,720,D42,823,273,893,312
741.jpg,1280,720,D1,818,209,868,261
743.jpg,1280,720,A15,891,231,937,275
744.jpg,1280,720,C9,343,253,392,307
744.jpg,1280,720,D2,908,90,963,145
744.jpg,1280,720,A7,911,142,971,196
746.jpg,1280,720,D43,887,184,977,236
746.jpg,1280,720,B20,333,268,364,302
747.jpg,1280,720,A15,934,173,986,222
749.jpg,1280,720,B33_50,944,197,994,249
749.jpg,1280,720,A32,940,151,990,196
750.jpg,1280,720,C9,373,217,433,276
750.jpg,1280,720,A15,799,259,829,286
751.jpg,1280,720,B33_70,919,242,953,281
755.jpg,1280,720,D1,929,223,987,288
756.jpg,1280,720,D9,113,254,172,328
756.jpg,1280,720,D9,1094,280,1152,352
756.jpg,1280,720,D8,112,327,170,399
756.jpg,1280,720,D8,1092,352,1151,422
757.jpg,1280,720,B36,781,258,828,306
757.jpg,1280,720,D3,787,306,824,344
758.jpg,1280,720,C9,260,326,320,402
759.jpg,1280,720,B21,474,331,500,359
759.jpg,1280,720,B21,788,338,813,365
76.jpg,1280,720,B22,1124,96,1240,210
760.jpg,1280,720,C9,360,331,409,384
760.jpg,1280,720,D3,1001,254,1034,306
760.jpg,1280,720,B36,996,195,1026,253
761.jpg,1280,720,Red,650,69,677,139
761.jpg,1280,720,Red,1042,206,1069,288
761.jpg,1280,720,B21,401,303,439,341
761.jpg,1280,720,B22,147,333,169,359
761.jpg,1280,720,A7,148,305,173,332
762.jpg,1280,720,D3,361,292,397,329
762.jpg,1280,720,D3,920,299,955,331
762.jpg,1280,720,B36,358,246,403,291
762.jpg,1280,720,B36,913,254,955,298
764.jpg,1280,720,B33_40,838,327,859,361
764.jpg,1280,720,D18,1054,346,1075,375
765.jpg,1280,720,C9,351,309,404,363
767.jpg,1280,720,B33_40,850,440,909,492
767.jpg,1280,720,D42,813,391,912,439
768.jpg,1280,720,B33_50,334,236,384,285
768.jpg,1280,720,B33_50,899,261,935,303
77.jpg,1280,720,B35,808,323,859,369
770.jpg,1280,720,B33_70,375,304,426,358
770.jpg,1280,720,B33_70,1097,311,1131,357
770.jpg,1280,720,B36,1093,270,1126,311
771.jpg,1280,720,D1,295,253,344,297
771.jpg,1280,720,D1,1138,270,1169,310
772.jpg,1280,720,B33_70,333,295,385,348
772.jpg,1280,720,B33_70,1211,288,1237,330
772.jpg,1280,720,D3,1214,330,1235,359
774.jpg,1280,720,B33_70,368,309,412,354
774.jpg,1280,720,B33_70,1139,325,1166,359
778.jpg,1280,720,D43,997,378,1124,433
779.jpg,1280,720,D42,866,394,982,458
78.jpg,1280,720,A6a,1055,144,1197,273
780.jpg,1280,720,D18,1001,224,1056,290
780.jpg,1280,720,B2,1134,313,1153,335
783.jpg,1280,720,D1,838,285,868,317
784.jpg,1280,720,B33_50,708,314,750,357
786.jpg,1280,720,A6b,784,341,816,374
787.jpg,1280,720,B33_70,728,343,762,382
788.jpg,1280,720,A18b,779,281,832,327
790.jpg,1280,720,D6,965,324,1077,406
791.jpg,1280,720,A6c,702,316,743,356
792.jpg,1280,720,B25,714,317,762,362
792.jpg,1280,720,A1,713,275,764,317
793.jpg,1280,720,A6a,717,313,760,354
794.jpg,1280,720,A18b,760,297,808,341
795.jpg,1280,720,A3,812,329,856,368
796.jpg,1280,720,A6a,713,322,755,360
797.jpg,1280,720,B33_70,720,275,774,328
798.jpg,1280,720,B33_50,755,303,803,350
8.jpg,1280,720,D9,702,80,910,355
80.jpg,1280,720,B20,1054,83,1242,255
82.jpg,1280,720,A7,517,242,552,277
83.jpg,1280,720,B21,154,45,271,161
83.jpg,1280,720,B2,263,307,287,356
83.jpg,1280,720,B36,449,286,503,341
84.jpg,1280,720,Green,183,113,239,277
84.jpg,1280,720,B21,189,19,277,106
84.jpg,1280,720,C9,437,426,467,454
84.jpg,1280,720,B36,972,395,1002,423
86.jpg,1280,720,B22,1123,20,1218,124
86.jpg,1280,720,D3,683,283,706,308
86.jpg,1280,720,D18,683,315,708,339
87.jpg,1280,720,D43,1111,136,1276,243
88.jpg,1280,720,D1,643,315,664,340
9.jpg,1280,720,A14,878,150,961,228
9.jpg,1280,720,A12b,873,65,969,152
90.jpg,1280,720,B33_30,1130,67,1249,198
91.jpg,1280,720,A7,36,9,108,71
91.jpg,1280,720,A7,1133,3,1207,69
91.jpg,1280,720,C2,38,69,101,128
91.jpg,1280,720,C2,1147,69,1210,131
91.jpg,1280,720,Red,45,133,72,221
91.jpg,1280,720,Red,1179,139,1206,235
92.jpg,1280,720,A7,13,84,89,154
92.jpg,1280,720,A7,1180,67,1257,141
92.jpg,1280,720,C2,12,145,81,208
92.jpg,1280,720,C2,1193,139,1261,204
92.jpg,1280,720,Green,19,209,44,313
92.jpg,1280,720,Green,1231,211,1264,318
93.jpg,1280,720,A7,959,59,1055,139
93.jpg,1280,720,C2,970,136,1063,222
93.jpg,1280,720,D6b,985,227,1059,295
94.jpg,1280,720,D42,1089,189,1271,299
96.jpg,1280,720,D42,1074,141,1268,258
98.jpg,1280,720,A7,1081,16,1220,141
98.jpg,1280,720,C9,438,410,463,438
98.jpg,1280,720,D6,1069,351,1105,389
98.jpg,1280,720,D6,464,388,490,416
99.jpg,1280,720,B36,1145,90,1253,200
999.jpg,1280,720,D18,1163,205,1185,246
